{
  "B0005": {
    "r0": 1.0000000000000003e-05,
    "r1": 1.0000000000000003e-05,
    "c1": 494512.92886323,
    "r2": 1.0000000000000003e-05,
    "c2": 488238.0865453398
  },
  "B0006": {
    "r0": 1.0000000050594263e-05,
    "r1": 1.000000004853528e-05,
    "c1": 133.7032765869517,
    "r2": 1.0000000092376835e-05,
    "c2": 16.12539217286667
  },
  "B0007": {
    "r0": 1.0003898799521123e-05,
    "r1": 1.0002882276491203e-05,
    "c1": 493.05185075139065,
    "r2": 1.000578311662143e-05,
    "c2": 362.2138307881313
  },
  "B0018": {
    "r0": 1.0000000000375411e-05,
    "r1": 1.0000000000367391e-05,
    "c1": 318037.6342355875,
    "r2": 1.000000000074764e-05,
    "c2": 20.99499999999989
  }
}