{
  "B0005": {
    "r0": 1.0000000000000003e-05,
    "r1": 1.0000000000000003e-05,
    "c1": 580572.9470875651,
    "r2": 1.0000000000000003e-05,
    "c2": 575433.6017398334
  },
  "B0006": {
    "r0": 1.0000000000000003e-05,
    "r1": 1.0000000000000003e-05,
    "c1": 52.22313347779461,
    "r2": 1.0000000000000003e-05,
    "c2": 167916.1920960394
  },
  "B0007": {
    "r0": 1.0000000000000003e-05,
    "r1": 1.0000000000000003e-05,
    "c1": 354094.7723585942,
    "r2": 1.0000000000000003e-05,
    "c2": 358081.71501408244
  },
  "B0018": {
    "r0": 1.000146934837108e-05,
    "r1": 1.0001460976560664e-05,
    "c1": 62.01785730781067,
    "r2": 1.0002781740572115e-05,
    "c2": 309.7761327750695
  }
}