{
  "B0005": {
    "mae_v": 0.10849863374362427,
    "rmse_v": 0.2688527049871042,
    "ekf_mae_v": 0.1311193907506139,
    "ekf_rmse_v": 0.2504462675987854
  },
  "B0006": {
    "mae_v": 0.11045426360638887,
    "rmse_v": 0.263325009128985,
    "ekf_mae_v": 0.1394355327553524,
    "ekf_rmse_v": 0.26577188871993107
  },
  "B0007": {
    "mae_v": 0.11134537474611286,
    "rmse_v": 0.2767677448948146,
    "ekf_mae_v": 0.0890186419712253,
    "ekf_rmse_v": 0.15262518495858043
  },
  "B0018": {
    "mae_v": 0.07595690786138609,
    "rmse_v": 0.21551977838274156,
    "ekf_mae_v": 0.0793172987154846,
    "ekf_rmse_v": 0.20815195543009604
  }
}