{
  "B0005": {
    "r0": 1.2216452154168063e-05,
    "r1": 1.0000000000000003e-05,
    "c1": 468393.08712702926,
    "r2": 1.0000000000000003e-05,
    "c2": 6435.728456907237
  },
  "B0006": {
    "r0": 1.061241376673214e-05,
    "r1": 1.0000000000000003e-05,
    "c1": 3.815282668490751,
    "r2": 1.0000000000000003e-05,
    "c2": 194567.4979777093
  },
  "B0007": {
    "r0": 1.055567787634636e-05,
    "r1": 1.0000000000000003e-05,
    "c1": 195918.402938383,
    "r2": 1.0000000000000003e-05,
    "c2": 170668.3018705995
  },
  "B0018": {
    "r0": 1.079743108106906e-05,
    "r1": 1.0000000000000003e-05,
    "c1": 366489.1504846207,
    "r2": 1.0000000000000003e-05,
    "c2": 339150.1571560154
  }
}