{
  "B0005": {
    "mae_v": 0.18781467646344344,
    "rmse_v": 0.3363596107117238,
    "ekf_mae_v": 0.24665372591849286,
    "ekf_rmse_v": 4.762974073690249
  },
  "B0006": {
    "mae_v": 0.18761552791774846,
    "rmse_v": 0.3358106279539835,
    "ekf_mae_v": 0.45794840062024655,
    "ekf_rmse_v": 4.212193825858047
  },
  "B0007": {
    "mae_v": 0.17339383088713087,
    "rmse_v": 0.3331043907242225,
    "ekf_mae_v": 0.05224233821891572,
    "ekf_rmse_v": 0.33802804094563244
  },
  "B0018": {
    "mae_v": 0.1229903544360678,
    "rmse_v": 0.2636141512396928,
    "ekf_mae_v": 0.028059777320418935,
    "ekf_rmse_v": 0.052474632182709195
  }
}