{
  "B0005": {
    "mae_v": 0.10846612192018809,
    "rmse_v": 0.2687641704427893,
    "ekf_mae_v": 0.12992113845354925,
    "ekf_rmse_v": 0.24661657749706498
  },
  "B0006": {
    "mae_v": 0.11041068923196817,
    "rmse_v": 0.26322907246874183,
    "ekf_mae_v": 0.14075709424527674,
    "ekf_rmse_v": 0.2663295296419177
  },
  "B0007": {
    "mae_v": 0.11130957921120195,
    "rmse_v": 0.27667796573576325,
    "ekf_mae_v": 0.0892847717104676,
    "ekf_rmse_v": 0.1528605919470318
  },
  "B0018": {
    "mae_v": 0.0759366237967382,
    "rmse_v": 0.2154471719960664,
    "ekf_mae_v": 0.08539324000072337,
    "ekf_rmse_v": 0.2110660333684566
  }
}