{
  "B0005": {
    "r0": 1.0000000000000003e-05,
    "r1": 1.0000000000000003e-05,
    "c1": 473569.2764442233,
    "r2": 1.0000000000000003e-05,
    "c2": 470395.87523243576
  },
  "B0006": {
    "r0": 1.0000000000000003e-05,
    "r1": 1.0000000000000003e-05,
    "c1": 198897.9501253735,
    "r2": 1.0000000000000003e-05,
    "c2": 20.031549807228657
  },
  "B0007": {
    "r0": 1.0004029067170867e-05,
    "r1": 1.000288091499499e-05,
    "c1": 493.3769197569728,
    "r2": 1.0005779231218637e-05,
    "c2": 363.0255314385124
  },
  "B0018": {
    "r0": 1.0000000000375411e-05,
    "r1": 1.0000000000367391e-05,
    "c1": 318037.6342355875,
    "r2": 1.000000000074764e-05,
    "c2": 20.99499999999989
  }
}