{
  "B0005": {
    "mae_v": 0.10844753416141135,
    "rmse_v": 0.2687067750149106,
    "ekf_mae_v": 0.1299779855269922,
    "ekf_rmse_v": 0.24663256805187717
  },
  "B0006": {
    "mae_v": 0.11038307893602618,
    "rmse_v": 0.2631669912340006,
    "ekf_mae_v": 0.1407879749195305,
    "ekf_rmse_v": 0.2663190324102504
  },
  "B0007": {
    "mae_v": 0.11128928125730243,
    "rmse_v": 0.2766194701604122,
    "ekf_mae_v": 0.08898188870487367,
    "ekf_rmse_v": 0.1524835759106614
  },
  "B0018": {
    "mae_v": 0.07592633725032448,
    "rmse_v": 0.2154001659032924,
    "ekf_mae_v": 0.0853439475747243,
    "ekf_rmse_v": 0.2108871902640309
  }
}