{
  "B0005": {
    "mae_v": 0.13648405335620578,
    "rmse_v": 0.2973902014065359,
    "ekf_mae_v": 0.18171411246255603,
    "ekf_rmse_v": 0.30366323988708555
  },
  "B0006": {
    "mae_v": 0.13189477061295007,
    "rmse_v": 0.2847203711269972,
    "ekf_mae_v": 0.1646290522739736,
    "ekf_rmse_v": 0.2865814118168658
  },
  "B0007": {
    "mae_v": 0.14043215590242178,
    "rmse_v": 0.30773134908490196,
    "ekf_mae_v": 0.1764506130897288,
    "ekf_rmse_v": 0.3086652431140825
  },
  "B0018": {
    "mae_v": 0.07747107685612306,
    "rmse_v": 0.20510207309690517,
    "ekf_mae_v": 0.05359697618717886,
    "ekf_rmse_v": 0.1896948209626649
  }
}