{
  "B0005": {
    "mae_v": 0.10858763415417905,
    "rmse_v": 0.26960579139236407,
    "ekf_mae_v": 0.1573096771861553,
    "ekf_rmse_v": 0.2760319354986898
  },
  "B0006": {
    "mae_v": 0.1105095353594446,
    "rmse_v": 0.263950520575822,
    "ekf_mae_v": 0.1570367512263907,
    "ekf_rmse_v": 0.2710621392319195
  },
  "B0007": {
    "mae_v": 0.11141845193067663,
    "rmse_v": 0.2774880667561014,
    "ekf_mae_v": 0.14617335273014578,
    "ekf_rmse_v": 0.25112912337209586
  },
  "B0018": {
    "mae_v": 0.07592633725032448,
    "rmse_v": 0.2154001659032924,
    "ekf_mae_v": 0.0959144667412823,
    "ekf_rmse_v": 0.2129742937226042
  }
}