{
  "mae_v": 0.13648405335620578,
  "rmse_v": 0.2973902014065359,
  "ekf_mae_v": 0.18171411246255603,
  "ekf_rmse_v": 0.30366323988708555
}