{
  "r0": 1.0000000000000003e-05,
  "r1": 1.0000000000000003e-05,
  "c1": 580572.9470875651,
  "r2": 1.0000000000000003e-05,
  "c2": 575433.6017398334
}