{
  "r0": 1.0000000000000003e-05,
  "r1": 1.0000000000000003e-05,
  "c1": 473569.2764442233,
  "r2": 1.0000000000000003e-05,
  "c2": 470395.87523243576
}