{
  "r0": 1.2216452154168063e-05,
  "r1": 1.0000000000000003e-05,
  "c1": 468393.08712702926,
  "r2": 1.0000000000000003e-05,
  "c2": 6435.728456907237
}