{
  "mae_v": 0.10858763415417905,
  "rmse_v": 0.26960579139236407,
  "ekf_mae_v": 0.1573096771861553,
  "ekf_rmse_v": 0.2760319354986898
}