{
  "mae_v": 0.10846612192018809,
  "rmse_v": 0.2687641704427893,
  "ekf_mae_v": 0.12992113845354925,
  "ekf_rmse_v": 0.24661657749706498
}