{
  "r0": 1.0000000000000003e-05,
  "r1": 1.0000000000000003e-05,
  "c1": 494512.92886323,
  "r2": 1.0000000000000003e-05,
  "c2": 488238.0865453398
}