{
  "mae_v": 0.10847819319205346,
  "rmse_v": 0.26879572102160076,
  "ekf_mae_v": 0.1319647325442413,
  "ekf_rmse_v": 0.2512259309648307
}