{
  "mae_v": 0.10844753416141135,
  "rmse_v": 0.2687067750149106,
  "ekf_mae_v": 0.1299779855269922,
  "ekf_rmse_v": 0.24663256805187717
}