{
  "B0005": {
    "growth_rate": 8.280076763646536e-06,
    "max_impedance": 0.17154430177138694,
    "drift_percent": -6.985339992150376
  },
  "B0006": {
    "growth_rate": 9.273534724570411e-05,
    "max_impedance": 0.21756836902360793,
    "drift_percent": 3.2684252911209124
  },
  "B0007": {
    "growth_rate": 5.62783316187334e-05,
    "max_impedance": 0.2961135351877987,
    "drift_percent": -28.209713439537182
  },
  "B0018": {
    "growth_rate": 1.575154790255369e-05,
    "max_impedance": 0.18852143168740676,
    "drift_percent": -2.495963920635462
  }
}