{
  "B0005": {
    "growth_rate": -1.316193616736133e-07,
    "max_impedance": 0.5516981917914708,
    "drift_percent": -54.48376767564578
  },
  "B0006": {
    "growth_rate": 8.488911603349322e-05,
    "max_impedance": 0.5233469810333105,
    "drift_percent": -49.10102782144062
  },
  "B0007": {
    "growth_rate": 3.976726905515143e-05,
    "max_impedance": 1.0046880255047375,
    "drift_percent": -66.04697939613933
  },
  "B0018": {
    "growth_rate": 1.575154790255369e-05,
    "max_impedance": 0.18852143168740676,
    "drift_percent": -51.367947885356415
  }
}