{
  "B0005": {
    "growth_rate": 2.650997616891315e-05,
    "max_impedance": 0.13739231614464173,
    "drift_percent": -34.1701271276403
  },
  "B0006": {
    "growth_rate": 0.00010272478895435856,
    "max_impedance": 0.18713168623636442,
    "drift_percent": -23.707384497941344
  },
  "B0007": {
    "growth_rate": 6.35731591889408e-05,
    "max_impedance": 0.2028882741551941,
    "drift_percent": -48.118276308646415
  },
  "B0018": {
    "growth_rate": 3.770642405368976e-05,
    "max_impedance": 0.14858096183553718,
    "drift_percent": -28.099136585038657
  }
}