{
  "B0005": {
    "mae": 0.11631855951912216,
    "rmse": 0.11642287689695505,
    "correlation": 0.5122697917631416,
    "trend_consistency": 1.0,
    "drift_percent": -99.77554513340279
  },
  "B0006": {
    "mae": 0.10619756804061682,
    "rmse": 0.10628099538763636,
    "correlation": 0.46118831200657356,
    "trend_consistency": 1.0,
    "drift_percent": -99.7476481269461
  },
  "B0007": {
    "mae": 0.10125988566018004,
    "rmse": 0.10145474474949645,
    "correlation": -0.3648374295803724,
    "trend_consistency": 0.0,
    "drift_percent": -99.74264250806677
  },
  "B0018": {
    "mae": 0.11965457894800645,
    "rmse": 0.11986196508961468,
    "correlation": -0.2049110751411291,
    "trend_consistency": 0.0,
    "drift_percent": -99.78021557396005
  }
}