{
  "B0005": {
    "mae": 0.06344236980038132,
    "rmse": 0.0732720282417157,
    "correlation": 0.0878593704556955,
    "trend_consistency": 0.0,
    "drift_percent": -54.48376767564578
  },
  "B0006": {
    "mae": 0.06578039368405943,
    "rmse": 0.07863227857271303,
    "correlation": 0.4138196759019192,
    "trend_consistency": 1.0,
    "drift_percent": -49.10102782144062
  },
  "B0007": {
    "mae": 0.09995884530209469,
    "rmse": 0.13042468513923425,
    "correlation": 0.09785696085896001,
    "trend_consistency": 1.0,
    "drift_percent": -66.04697939613933
  },
  "B0018": {
    "mae": 0.06415987397241561,
    "rmse": 0.07646004952313627,
    "correlation": 0.08079087712236219,
    "trend_consistency": 1.0,
    "drift_percent": -51.367947885356415
  }
}