{
  "B0005": {
    "mae": 0.027158394214539344,
    "rmse": 0.028919478644834976,
    "correlation": NaN,
    "trend_consistency": 1.0,
    "drift_percent": -6.985339992150376
  },
  "B0006": {
    "mae": 0.03933934325644086,
    "rmse": 0.0412441609696118,
    "correlation": NaN,
    "trend_consistency": 1.0,
    "drift_percent": 3.2684252911209124
  },
  "B0007": {
    "mae": 0.0607691278101866,
    "rmse": 0.08177679310636564,
    "correlation": NaN,
    "trend_consistency": 1.0,
    "drift_percent": -28.209713439537182
  },
  "B0018": {
    "mae": 0.04098259827752634,
    "rmse": 0.04175916211081976,
    "correlation": NaN,
    "trend_consistency": 0.0,
    "drift_percent": -2.495963920635462
  }
}