{
  "B0005": {
    "mae": 0.07937863827563635,
    "rmse": 0.08409944927826164,
    "correlation": NaN,
    "trend_consistency": 1.0,
    "drift_percent": -68.99511333071679
  },
  "B0006": {
    "mae": 0.08700131459660866,
    "rmse": 0.09618475310361767,
    "correlation": NaN,
    "trend_consistency": 1.0,
    "drift_percent": -65.57719156962635
  },
  "B0007": {
    "mae": 0.1130487295023955,
    "rmse": 0.1330787374962822,
    "correlation": NaN,
    "trend_consistency": 1.0,
    "drift_percent": -76.07038448353674
  },
  "B0018": {
    "mae": 0.0843075371574942,
    "rmse": 0.09403121553799353,
    "correlation": NaN,
    "trend_consistency": 0.0,
    "drift_percent": -67.49865464060638
  }
}