{
  "B0005": {
    "mae": 1.0295094812918736e-18,
    "rmse": 3.779856363342627e-18,
    "correlation": 1.0,
    "trend_consistency": 1.0,
    "drift_percent": 1.0597091656625973e-16
  },
  "B0006": {
    "mae": 1.7707563078220226e-18,
    "rmse": 4.957235146662201e-18,
    "correlation": 1.0,
    "trend_consistency": 1.0,
    "drift_percent": 2.707549936013096e-16
  },
  "B0007": {
    "mae": 1.0295094812918736e-18,
    "rmse": 3.779856363342627e-18,
    "correlation": 0.9999999999999999,
    "trend_consistency": 1.0,
    "drift_percent": 4.056334667244894e-17
  },
  "B0018": {
    "mae": 1.0434426923168764e-18,
    "rmse": 3.805348377427254e-18,
    "correlation": 1.0,
    "trend_consistency": 1.0,
    "drift_percent": -1.7402582950660384e-16
  }
}