{
  "B0005": {
    "mean_predicted_r0": 9.99999999999996e-05,
    "mean_eis_r0": 0.05424465475263615,
    "scale_factor": 542.4465475263637,
    "normalization_detected": true,
    "unit_consistency": "Ohms (aligned)",
    "outlier_counts": 0
  },
  "B0006": {
    "mean_predicted_r0": 9.99999999999996e-05,
    "mean_eis_r0": 0.07005150778748177,
    "scale_factor": 700.5150778748206,
    "normalization_detected": true,
    "unit_consistency": "Ohms (aligned)",
    "outlier_counts": 0
  },
  "B0007": {
    "mean_predicted_r0": 9.99999999999996e-05,
    "mean_eis_r0": 0.05280664574008878,
    "scale_factor": 528.0664574008899,
    "normalization_detected": true,
    "unit_consistency": "Ohms (aligned)",
    "outlier_counts": 0
  },
  "B0018": {
    "mean_predicted_r0": 0.00010000000000000002,
    "mean_eis_r0": 0.06297577669058985,
    "scale_factor": 629.7577669058984,
    "normalization_detected": true,
    "unit_consistency": "Ohms (aligned)",
    "outlier_counts": 0
  }
}